{"showapi_res_code":0,"showapi_res_error":"","showapi_res_body":{"ret_code":0,"pagebean":{"allPages":157,"contentlist":[{"pubDate":"2016-12-06 19:30:07","havePic":true,"title":"日媒：珍珠港事件将满75年 美冀安倍访问促和解","channelName":"国际焦点","imageurls":[{"height":366,"width":550,"url":"http://n.sinaimg.cn/translate/20160914/5qyC-fxvukhx5134728.jpg"}],"desc":"　　原标题：日媒：日军袭击珍珠港将满75年美冀安倍访问促和解　　资料图片：日本首相安倍晋三。中新社记者王骏摄　　中新网12月6日电据日本媒体报道，原日军袭击美国夏威夷珍珠港7日将迎来75周年，美国相关人士期待本月下旬日本首相安倍晋三的访问能够促成和解。　　据报....","source":"新浪","channelId":"5572a108b3cdc86cf39001ce","link":"http://news.sina.com.cn/o/2016-12-06/doc-ifxyhwyy0867843.shtml"},{"pubDate":"2016-12-06 17:42:46","havePic":true,"title":"美英指责中俄否决涉叙利亚决议 中方代表驳斥","channelName":"国际焦点","imageurls":[{"height":549,"width":550,"url":"http://n.sinaimg.cn/news/transform/20161206/goJj-fxyiayr9270880.jpg"},{"height":715,"width":550,"url":"http://n.sinaimg.cn/news/transform/20161206/SiOu-fxyiayt5872100.gif"}],"desc":"　　原标题：中俄否决安理会涉叙利亚阿勒颇决议，被美英指责中方：别歪曲立场　　[观察者网综合]综合国内外媒体报道，12月5日报道，联合国安理会当天对关于叙利亚阿勒颇人道局势的决议进行投票，常任理事国俄罗斯与中国行使否决权，决议未能获得通过。这是中国和俄罗斯第五次联....","source":"新浪","channelId":"5572a108b3cdc86cf39001ce","link":"http://news.sina.com.cn/w/sy/2016-12-06/doc-ifxyiayr9271530.shtml"},{"pubDate":"2016-12-06 17:30:59","havePic":false,"title":"韩国总统朴槿惠同意在明年四月辞职","channelName":"国际焦点","imageurls":[],"desc":"据韩联社报道，韩国总统朴槿惠同意在明年4月辞去总统职务。随着“亲信干政”事件的不断发酵，韩国朝野及民众的反对声浪不断高涨。上周六，共有大约232万韩国民众在全国各地举行大规模集会。","source":"新浪","channelId":"5572a108b3cdc86cf39001ce","link":"http://video.sina.com.cn/p/news/w/doc/2016-12-06/173065434573.html"},{"pubDate":"2016-12-06 16:25:15","havePic":true,"title":"韩总统弹劾案将表决 朴槿惠称如被弹劾淡然离任","channelName":"国际焦点","imageurls":[{"height":345,"width":550,"url":"http://n.sinaimg.cn/translate/20161129/QqrR-fxyawmp0586844.jpg"}],"desc":"　　原标题：韩总统弹劾案表决在即朴槿惠：如被弹劾将淡然离任　　中新网12月6日电据韩联社报道，当地时间6日下午，韩国总统朴槿惠在青瓦台会见执政党新世界党党首李贞铉和党鞭郑镇硕时表示，若总统弹劾草案根据流程获得通过，她将会静观宪法法院的裁决过程，也已做好为国为民....","source":"新浪","channelId":"5572a108b3cdc86cf39001ce","link":"http://news.sina.com.cn/o/2016-12-06/doc-ifxyhwyy0851109.shtml"},{"pubDate":"2016-12-06 16:25:14","havePic":false,"title":"美防长考察日本自卫队 对安倍拟访夏威夷表欢迎","channelName":"国际焦点","imageurls":[],"desc":"　　原标题：美防长考察日本自卫队对安倍拟访夏威夷表欢迎　　中新网12月6日电据日媒报道，正在日本访问的美国国防部长卡特本月6日透露，将在当天与首相安倍晋三会谈时传递其个人“非常期待”安倍本月下旬与总统奥巴马在夏威夷举行首脑会谈这一想法。　　据报道，卡特是在日本....","source":"新浪","channelId":"5572a108b3cdc86cf39001ce","link":"http://news.sina.com.cn/o/2016-12-06/doc-ifxyhwyy0851105.shtml"},{"pubDate":"2016-12-06 16:25:08","havePic":false,"title":"印尼总统亲信将再次访日 商讨铁路高速化计划","channelName":"国际焦点","imageurls":[],"desc":"　　原标题：印尼总统亲信将再次访日商讨铁路高速化计划　　中新网12月6日电据日媒报道，印度尼西亚总统佐科的亲信、海洋事务统筹部长卢胡特将于本月20日前后访问日本。这将是他继10月之后再次访日。　　据悉，卢胡特将就连接首都雅加达和第二大城市泗水的现有铁路(约750公里)....","source":"新浪","channelId":"5572a108b3cdc86cf39001ce","link":"http://news.sina.com.cn/o/2016-12-06/doc-ifxyhwyy0851095.shtml"},{"pubDate":"2016-12-06 15:52:18","havePic":true,"title":"奥巴马上任8年 一家度假花费超8500万美元","channelName":"国际焦点","imageurls":[{"height":356,"width":550,"url":"http://n.sinaimg.cn/news/transform/20161206/b91j-fxyiayt5862729.jpg"}],"desc":"　　原标题：上任8年奥巴马一家度假花费超8500万美元资料图：美国总统奥巴马一家人度假归来。　　中国日报网12月6日电（高琳琳）据《华盛顿观察家报》12月5日报道，美国现任总统奥巴马一家，平均每年用于旅行和休假的开销超过1000万美元（约合6866万元人民币），8年间总计已....","source":"新浪","channelId":"5572a108b3cdc86cf39001ce","link":"http://news.sina.com.cn/o/2016-12-06/doc-ifxyhwyy0847240.shtml"},{"pubDate":"2016-12-06 15:30:13","havePic":true,"title":"美15岁男童吸毒后将同学斩首 被视为成年人受审","channelName":"国际焦点","imageurls":[{"height":320,"width":500,"url":"http://n.sinaimg.cn/translate/20161206/r6SZ-fxyiayt5859553.jpg"}],"desc":"　　原标题：美15岁男童吸毒后将同学斩首被视为成年人受审马萨诸塞州15岁高中生马修・博尔赫斯涉嫌吸食大麻后将同学斩首弃尸，被控犯下一级谋杀罪。（网页截图）　　国际在线专稿：据美联社12月6日消息，当地时间12月5日，美国马萨诸塞州“高中生涉嫌斩首同学”案件的警方档案....","source":"新浪","channelId":"5572a108b3cdc86cf39001ce","link":"http://news.sina.com.cn/w/sy/2016-12-06/doc-ifxyicnf1732290.shtml"},{"pubDate":"2016-12-06 15:29:24","havePic":true,"title":"韩媒：韩国总统朴槿惠同意在明年四月辞职","channelName":"国际焦点","imageurls":[{"height":392,"width":332,"url":"http://n.sinaimg.cn/news/transform/20161206/p3ZV-fxyiayr9252103.jpg"}],"desc":"　　原标题：朴槿惠同意明年4月下台　　据韩联社报道，韩国总统朴槿惠同意在明年4月辞去总统职务。随着“亲信干政”事件的不断发酵，韩国朝野及民众的反对声浪不断高涨。上周六，共有大约232万韩国民众在全国各地举行大规模集会。","source":"新浪","channelId":"5572a108b3cdc86cf39001ce","link":"http://news.sina.com.cn/w/zx/2016-12-06/doc-ifxyiayq2509879.shtml"},{"pubDate":"2016-12-06 15:06:29","havePic":false,"title":"韩朝野商讨总统弹劾事宜 在野党决定贯彻弹劾","channelName":"国际焦点","imageurls":[],"desc":"　　原标题：韩朝野商总统弹劾相关事宜在野党决定“贯彻弹劾”　　中新网12月6日电据韩媒报道，韩国国会将于本月9日对总统弹劾案进行表决，在此之前，朝野各党各自进行相关准备工作。　　据报道，韩国执政党新国家党6日下午举行议员大会，就9日进行总统弹劾案表决时党员是否进....","source":"新浪","channelId":"5572a108b3cdc86cf39001ce","link":"http://news.sina.com.cn/o/2016-12-06/doc-ifxyhwyy0841832.shtml"},{"pubDate":"2016-12-06 14:53:28","havePic":true,"title":"韩国八大财阀否认与总统府进行权钱交易","channelName":"国际焦点","imageurls":[{"height":210,"width":500,"url":"http://n.sinaimg.cn/news/transform/20161206/-u_s-fxyipxf7704396.jpg"}],"desc":"　　原标题：韩亲信门听证会：八大财阀否认与总统府进行权钱交易听证会现场照（韩联社）　　封面新闻讯据韩联社消息，“朴槿惠政府亲信弄权干政案国政调查特别委员会”6日在韩国国会举行第一轮听证会，就“亲信门”进行真相调查。出席听证会的九大企业掌门人均表示，向Mir财团....","source":"新浪","channelId":"5572a108b3cdc86cf39001ce","link":"http://news.sina.com.cn/w/zx/2016-12-06/doc-ifxyicnf1728151.shtml"},{"pubDate":"2016-12-06 14:32:57","havePic":false,"title":"41名维和人员涉嫌性侵平民 25名受害者未成年","channelName":"国际焦点","imageurls":[],"desc":"　　原标题：联合国：41名维和人员涉嫌在中非共和国性侵平民　　[环球网报道记者任梅子]据俄罗斯卫星网12月6日报道，联合国内部监督事务厅12月5日公布的最新调查结果显示，41名联合国驻中非共和国维和人员涉嫌性侵平民。　　联合国内部监督事务厅从今年4月进行了为....","source":"新浪","channelId":"5572a108b3cdc86cf39001ce","link":"http://news.sina.com.cn/o/2016-12-06/doc-ifxyicnf1725778.shtml"},{"pubDate":"2016-12-06 14:13:11","havePic":true,"title":"IS计划在特朗普就职当天发动大规模恐袭","channelName":"国际焦点","imageurls":[{"height":366,"width":550,"url":"http://n.sinaimg.cn/news/crawl/20161206/wtK3-fxyipxf7700332.jpg"}],"desc":"　　原标题：IS欲于特朗普就职日在华盛顿发动大规模恐袭资料图：美国当选总统唐纳德・特朗普。　　特朗普就职日恐变“血腥星期五”！IS计划在华盛顿发动大规模恐袭　　中国日报网12月6日电美国当选总统唐纳德・特朗普将于明年1月20日宣誓就职，然而他的就职日却可能会变成“血....","source":"新浪","channelId":"5572a108b3cdc86cf39001ce","link":"http://news.sina.com.cn/w/zx/2016-12-06/doc-ifxyicnf1723930.shtml"},{"pubDate":"2016-12-06 14:13:10","havePic":true,"title":"立陶宛发放3万份手册 教民众应对俄入侵威胁","channelName":"国际焦点","imageurls":[{"height":332,"width":553,"url":"http://n.sinaimg.cn/translate/20161206/80kM-fxyiayq2499649.jpg"}],"desc":"　　原标题：立陶宛向民众分发手册教育如何应对“俄入侵威胁”立陶宛建军节上的士兵（资料图）　　[环球网综合报道]据英国《卫报》12月5日报道，为应对特朗普赢得美国总统竞选对北约同盟造成的影响，立陶宛日前向民众发放了3万份“非暴力反抗手册”，该手册中主要介绍了当市民们....","source":"新浪","channelId":"5572a108b3cdc86cf39001ce","link":"http://news.sina.com.cn/w/zx/2016-12-06/doc-ifxyhwyy0836055.shtml"},{"pubDate":"2016-12-06 14:02:57","havePic":false,"title":"青瓦台警卫:崔顺实车恩泽系总统心腹可自由出入","channelName":"国际焦点","imageurls":[],"desc":"　　原标题：暗线心腹！韩媒：青瓦台警卫称崔顺实和车恩泽可自由出入　　[环球网综合报道记者赵衍龙]韩国《中央日报》中文网12月6日报道称，青瓦台警卫室承认崔顺实和车恩泽是“安全客人”，两人被认为是韩国总统朴槿惠的暗线心腹。　　报道称，“安全客人”....","source":"新浪","channelId":"5572a108b3cdc86cf39001ce","link":"http://news.sina.com.cn/o/2016-12-06/doc-ifxyicnf1723123.shtml"},{"pubDate":"2016-12-06 14:02:54","havePic":false,"title":"巴基斯坦计划在印度河建大坝 此前曾遭印度反对","channelName":"国际焦点","imageurls":[],"desc":"　　原标题：巴基斯坦将在印度河上建大坝引印媒关注此前曾遭印度反对　　[环球网综合报道]据《印度时报》网站12月5日报道，12月5日，巴基斯坦通过了在印度河上修建迪阿莫？巴沙大坝的融资计划。据报道，该项计划曾遭印度反对。　　报道说，此前世界银行和亚洲发展银行拒绝帮助....","source":"新浪","channelId":"5572a108b3cdc86cf39001ce","link":"http://news.sina.com.cn/o/2016-12-06/doc-ifxyicnf1723119.shtml"},{"pubDate":"2016-12-06 13:35:16","havePic":false,"title":"日本众议院表决通过赌场法案 在野党质疑不断","channelName":"国际焦点","imageurls":[],"desc":"　　原标题：日本众议院表决通过赌场法案在野党质疑不断　　中新网12月6日电据日媒报道，围绕以赌场为主的综合度假区（IR）建设推进法案，当地时间本月6日下午，日本众院全体会议上以自民党等多数赞成表决通过了该法案。　　据了解，日本众院内阁委员会2日凭借自民党等多数赞....","source":"新浪","channelId":"5572a108b3cdc86cf39001ce","link":"http://news.sina.com.cn/o/2016-12-06/doc-ifxyhwyy0832845.shtml"},{"pubDate":"2016-12-06 13:34:40","havePic":false,"title":"巴西参议长因涉嫌挪用公款被罢免","channelName":"国际焦点","imageurls":[],"desc":"　　原标题：巴西参议长因涉嫌挪用公款被罢免　　新华社里约热内卢12月5日电（记者张启畅）巴西联邦法院5日发布裁决，决定罢免涉嫌挪用公款的参议院议长雷南・卡列罗斯。　　联邦法院透露，由于被指控从一家租车行借款用以支付女儿的养老金并挪用公款还款给这家租车行，卡列罗斯....","source":"新浪","channelId":"5572a108b3cdc86cf39001ce","link":"http://news.sina.com.cn/w/sy/2016-12-06/doc-ifxyiayr9237633.shtml"},{"pubDate":"2016-12-06 12:44:38","havePic":false,"title":"巴黎为应对空气污染 临时实行车辆单双号限行","channelName":"国际焦点","imageurls":[],"desc":"　　原标题：巴黎临时实行车辆单双号限行应对空气污染　　新华社巴黎12月5日电（记者张雪飞）法国巴黎警察局5日宣布，由于接连多日的空气污染现象仍将持续，将于6日在首都巴黎及其周边22个市镇临时采取车辆单双号限行等紧急应对措施。　　自11月30日起，巴黎所在的法兰西岛大区....","source":"新浪","channelId":"5572a108b3cdc86cf39001ce","link":"http://news.sina.com.cn/w/sy/2016-12-06/doc-ifxyiayr9232525.shtml"},{"pubDate":"2016-12-06 12:30:03","havePic":false,"title":"珍珠港事件：日偷袭珍珠港 美军受重大伤亡损失","channelName":"国际焦点","imageurls":[],"desc":"　　珍珠港事件：日偷袭珍珠港美军受重大伤亡损失","source":"新浪","channelId":"5572a108b3cdc86cf39001ce","link":"http://video.sina.com.cn/p/news/w/doc/2016-12-06/123065434211.html"}],"currentPage":1,"allNum":3121,"maxResult":20}}}